file,type,priority,error,suggestion,context,action
120-cp.signed_qlyBTP_processed.json,Ký tự lạ,THẤP,®,[Xóa hoặc thay thế],"...sÀ ” LAI - r ^ ^ lẠ ® MÀ z"",  ""diem"": []...",
124-cp.signed.-tôn giáopdf_processed.json,Có thể sai chính tả,TRUNG BÌNH,điêm,điểm,"...cơ câu tổ chức, địa điêm dự kiên đặt trụ sở....",
127-cp.signed._tài sản côngpdf_processed.json,Ký tự lạ,THẤP,»,[Xóa hoặc thay thế],"...ỨC, ĐƠN VỊ sÀ > ” 2 » LA. > A^ M 4 °"",  ...",
127-cp.signed._tài sản côngpdf_processed.json,Ký tự lạ,THẤP,⁄,[Xóa hoặc thay thế],"...quan thuộc Chính phŠ⁄z@8 - HĐND, UBND cá...",
127-cp.signed._tài sản côngpdf_processed.json,Ký tự lạ,THẤP,§,[Xóa hoặc thay thế],"...oi_dung"": ""Quản lý, § ứ dụng và khai thá...",
127-cp.signed._tài sản côngpdf_processed.json,Ký tự lạ,THẤP,‹,[Xóa hoặc thay thế],...hoản 4 Điều 22 Nghị ‹ định số 08/2025/NĐ...,
143-cp.signed_BGD_processed.json,Số lẫn chữ (OCR),CAO,n0n,[Cần xem ảnh gốc],.......G.nnnnnnnnnnnnnnnnnnn Ennnn0n 0010110101005. Tên bằng tiếng...,
143-cp.signed_BGD_processed.json,Số lẫn chữ (OCR),CAO,ô8H,[Cần xem ảnh gốc],... 90 6Ô 5 ò 60 6 00 00908 05606ô8HmnG80mø2Senô0N2GS9A2.8..0..CAC...,
143-cp.signed_BGD_processed.json,Số lẫn chữ (OCR),CAO,G80m,[Cần xem ảnh gốc],...Ô 5 ò 60 6 00 00908 05606ô8HmnG80mø2Senô0N2GS9A2.8..0..CAC06.t0....,
143-cp.signed_BGD_processed.json,Số lẫn chữ (OCR),CAO,ô0N,[Cần xem ảnh gốc],...6 00 00908 05606ô8HmnG80mø2Senô0N2GS9A2.8..0..CAC06.t0...s.69m0...,
143-cp.signed_BGD_processed.json,Số lẫn chữ (OCR),CAO,S9A,[Cần xem ảnh gốc],...00908 05606ô8HmnG80mø2Senô0N2GS9A2.8..0..CAC06.t0...s.69m0.ohAs...,
143-cp.signed_BGD_processed.json,Số lẫn chữ (OCR),CAO,o9s,[Cần xem ảnh gốc],"...0...s.69m0.ohAs.6,pp. dứdsøgø,o9s°sp.osooosoessesoeaseeseoeseso...",
143-cp.signed_BGD_processed.json,Số lẫn chữ (OCR),CAO,E1E,[Cần xem ảnh gốc],...nnnneEnnEn0 1066668 nEEnn EEnEE1E00910000009300020090 1655 - Gi...,
143-cp.signed_BGD_processed.json,Số lẫn chữ (OCR),CAO,ô000e,[Cần xem ảnh gốc],...S9880260002026066062904.02o2.ôô000e2mxâ08sS4eestÁnodpodÔstapseooo...,
143-cp.signed_BGD_processed.json,Số lẫn chữ (OCR),CAO,â08s,[Cần xem ảnh gốc],...002026066062904.02o2.ôô000e2mxâ08sS4eestÁnodpodÔstapseooooeooeo0...,
143-cp.signed_BGD_processed.json,Số lẫn chữ (OCR),CAO,S4e,[Cần xem ảnh gốc],...26066062904.02o2.ôô000e2mxâ08sS4eestÁnodpodÔstapseooooeooeo0e09...,
143-cp.signed_BGD_processed.json,Số lẫn chữ (OCR),CAO,o0e,[Cần xem ảnh gốc],...8sS4eestÁnodpodÔstapseooooeooeo0e090veGsneoneomepwvussesnnpsnpo...,
143-cp.signed_BGD_processed.json,Số lẫn chữ (OCR),CAO,o99S,[Cần xem ảnh gốc],...npoptygpmsesssneoeoeaeoes.so$2o99S2t0nooeọsoạÐe Chúng tôi xin ca...,
143-cp.signed_BGD_processed.json,Số lẫn chữ (OCR),CAO,t0n,[Cần xem ảnh gốc],...ygpmsesssneoeoeaeoes.so$2o99S2t0nooeọsoạÐe Chúng tôi xin cam kế...,
143-cp.signed_BGD_processed.json,Số lẫn chữ (OCR),CAO,s22ô,[Cần xem ảnh gốc],...iáo dục nước ngoài..4.9909.90%s22ô299093239898966e Ã Uoooseoroos...,
143-cp.signed_BGD_processed.json,Số lẫn chữ (OCR),CAO,ồ6ó,[Cần xem ảnh gốc],.......... Ô)..........ồồóồồồcồồóồ6ó.. Được thành lập theo:..........,
143-cp.signed_BGD_processed.json,Số lẫn chữ (OCR),CAO,G6e,[Cần xem ảnh gốc],...... 8)........ồóồcồồcồcCccồ6.ồG6eSe Có trụ sở tại:................,
143-cp.signed_BGD_processed.json,Số lẫn chữ (OCR),CAO,s2222e,[Cần xem ảnh gốc],................................-s2222eee2220200006/92/255 655.999294...,
143-cp.signed_BGD_processed.json,Số lẫn chữ (OCR),CAO,s6s,[Cần xem ảnh gốc],...29496096984600498460808006260ós6s4s089ô2w%6G0seo809009990098999...,
143-cp.signed_BGD_processed.json,Số lẫn chữ (OCR),CAO,s089ô,[Cần xem ảnh gốc],...6096984600498460808006260ós6s4s089ô2w%6G0seo809009990098999060009...,
143-cp.signed_BGD_processed.json,Số lẫn chữ (OCR),CAO,G0s,[Cần xem ảnh gốc],...0498460808006260ós6s4s089ô2w%6G0seo8090099900989990600099989084...,
143-cp.signed_BGD_processed.json,Số lẫn chữ (OCR),CAO,s20080608020080908060s,[Cần xem ảnh gốc],...60009998908406060909606Š004060s20080608020080908060s8000680468ô8Ooỏè042â8Rô4ô0s2so...,
143-cp.signed_BGD_processed.json,Số lẫn chữ (OCR),CAO,ô8O,[Cần xem ảnh gốc],...0080608020080908060s8000680468ô8Ooỏè042â8Rô4ô0s2soneeos2080ụ089...,
143-cp.signed_BGD_processed.json,Số lẫn chữ (OCR),CAO,è042â,[Cần xem ảnh gốc],...08020080908060s8000680468ô8Ooỏè042â8Rô4ô0s2soneeos2080ụ0890889098...,
143-cp.signed_BGD_processed.json,Số lẫn chữ (OCR),CAO,ô4ô,[Cần xem ảnh gốc],...0908060s8000680468ô8Ooỏè042â8Rô4ô0s2soneeos2080ụ0890889098a68A2...,
143-cp.signed_BGD_processed.json,Số lẫn chữ (OCR),CAO,s2s,[Cần xem ảnh gốc],...060s8000680468ô8Ooỏè042â8Rô4ô0s2soneeos2080ụ0890889098a68A28060...,
143-cp.signed_BGD_processed.json,Số lẫn chữ (OCR),CAO,s2080ụ,[Cần xem ảnh gốc],...680468ô8Ooỏè042â8Rô4ô0s2soneeos2080ụ0890889098a68A280608 Xin phép ...,
143-cp.signed_BGD_processed.json,Số lẫn chữ (OCR),CAO,a68A,[Cần xem ảnh gốc],...8Rô4ô0s2soneeos2080ụ0890889098a68A280608 Xin phép thành lập Văn ...,
143-cp.signed_BGD_processed.json,Số lẫn chữ (OCR),CAO,o0p,[Cần xem ảnh gốc],"....oumsmeso.swesnmsnsesọopos.,.,o0pọoxo.o.0o.s.s.esose2.eo..o..)Q...",
143-cp.signed_BGD_processed.json,Số lẫn chữ (OCR),CAO,e2V,[Cần xem ảnh gốc],"...0609..sanpnseeoessaaaenasaeoeoe2V9Sỹ0.2060s..bô2.., âsnooøPos.s...",
143-cp.signed_BGD_processed.json,Số lẫn chữ (OCR),CAO,s0o,[Cần xem ảnh gốc],"...V9Sỹ0.2060s..bô2.., âsnooøPos.s0oÐAaeosnseeosssss.aeonmeos2oo.....",
143-cp.signed_BGD_processed.json,Số lẫn chữ (OCR),CAO,s2o,[Cần xem ảnh gốc],...os.s0oÐAaeosnseeosssss.aeonmeos2oo..o./t.s.o.0ooo.....o.QMbsseo...,
143-cp.signed_BGD_processed.json,Số lẫn chữ (OCR),CAO,n2n,[Cần xem ảnh gốc],...sos.so.osos.O.eo....o°oO.s.nx.n2ngessiu.oso.cesssesnweuseosee2p...,
143-cp.signed_BGD_processed.json,Số lẫn chữ (OCR),CAO,e2p,[Cần xem ảnh gốc],...n2ngessiu.oso.cesssesnweuseosee2pso.sosssnseoeeosoo$s.opo.toe0e...,
143-cp.signed_BGD_processed.json,Số lẫn chữ (OCR),CAO,e0e,[Cần xem ảnh gốc],...e2pso.sosssnseoeeosoo$s.opo.toe0eooÔososos.sesesose2se Ghỉ chú:...,
143-cp.signed_BGD_processed.json,Số lẫn chữ (OCR),CAO,e2s,[Cần xem ảnh gốc],"...o$s.opo.toe0eooÔososos.sesesose2se Ghỉ chú: (1) Tên tổ chức, cơ...",
143-cp.signed_BGD_processed.json,Số lẫn chữ (OCR),CAO,ơ7b,[Cần xem ảnh gốc],...Ã HỘI CHỦ NGHĨA VIỆT NAM —nmnẲơ7b Độc lập - Tự do - Hạnh phúc S...,
143-cp.signed_BGD_processed.json,Số lẫn chữ (OCR),CAO,S9A,[Cần xem ảnh gốc],...200000101000090 0/05 9999989 NS9AÔNWS98eS8S.ô.2ós5Sn599020ạ$%Ỹø...,
143-cp.signed_BGD_processed.json,Số lẫn chữ (OCR),CAO,S98e,[Cần xem ảnh gốc],...101000090 0/05 9999989 NS9AÔNWS98eS8S.ô.2ós5Sn599020ạ$%Ỹø..s..o....,
143-cp.signed_BGD_processed.json,Số lẫn chữ (OCR),CAO,S8S,[Cần xem ảnh gốc],...00090 0/05 9999989 NS9AÔNWS98eS8S.ô.2ós5Sn599020ạ$%Ỹø..s..o.023...,
143-cp.signed_BGD_processed.json,Số lẫn chữ (OCR),CAO,s5S,[Cần xem ảnh gốc],...05 9999989 NS9AÔNWS98eS8S.ô.2ós5Sn599020ạ$%Ỹø..s..o.0232e.a0..4...,
143-cp.signed_BGD_processed.json,Số lẫn chữ (OCR),CAO,n599020ạ,[Cần xem ảnh gốc],...9999989 NS9AÔNWS98eS8S.ô.2ós5Sn599020ạ$%Ỹø..s..o.0232e.a0..4.nsâs23s...,
143-cp.signed_BGD_processed.json,Số lẫn chữ (OCR),CAO,s23s,[Cần xem ảnh gốc],...020ạ$%Ỹø..s..o.0232e.a0..4.nsâs23s406ô09mmnsepoosae0e0eosSsnáCđá...,
143-cp.signed_BGD_processed.json,Số lẫn chữ (OCR),CAO,ô09m,[Cần xem ảnh gốc],"...ø..s..o.0232e.a0..4.nsâs23s406ô09mmnsepoosae0e0eosSsnáCđáseooo,s...",
143-cp.signed_BGD_processed.json,Số lẫn chữ (OCR),CAO,e0e,[Cần xem ảnh gốc],"....a0..4.nsâs23s406ô09mmnsepoosae0e0eosSsnáCđáseooo,sOoOe.eom.seo...",
143-cp.signed_BGD_processed.json,Số lẫn chữ (OCR),CAO,n1n,[Cần xem ảnh gốc],...nnnnnnnnnnnnnnnnnnnnnn nen nnnn1n005515. ThuộcC:..................,
143-cp.signed_BGD_processed.json,Số lẫn chữ (OCR),CAO,N0E,[Cần xem ảnh gốc],........nnnnn nen nen TEEETTTE16-N0E01E1EEE0001010000010000000006....,
143-cp.signed_BGD_processed.json,Số lẫn chữ (OCR),CAO,E1E,[Cần xem ảnh gốc],...nnnnn nen nen TEEETTTE16-N0E01E1EEE0001010000010000000006. Điện...,
143-cp.signed_BGD_processed.json,Số lẫn chữ (OCR),CAO,E1n,[Cần xem ảnh gốc],...nnnnnnnnnnn nTnnnnn nnEEnn nnEE1nEˆEEEEennEn00n000 01/7 Được ph...,
143-cp.signed_BGD_processed.json,Số lẫn chữ (OCR),CAO,n00n,[Cần xem ảnh gốc],...Tnnnnn nnEEnn nnEE1nEˆEEEEennEn00n000 01/7 Được phép thành lập V...,
143-cp.signed_BGD_processed.json,Số lẫn chữ (OCR),CAO,o2a,[Cần xem ảnh gốc],.........so..;.....sS.s..o.Oo.o..o2aÐa...seseeoe.Qnesesssoeoospe. ...,
143-cp.signed_BGD_processed.json,Số lẫn chữ (OCR),CAO,o0U,[Cần xem ảnh gốc],"...a...seseeoe.Qnesesssoeoospe. /o0Uo.tb/Go/oo.0.OoQo..o.,anooseoo...",
143-cp.signed_BGD_processed.json,Số lẫn chữ (OCR),CAO,B9S,[Cần xem ảnh gốc],...ooseoo.ooooesoeo09./...ooVV)98B9SPoP90ỹPPOŸÿọbUvgvsvwevoọ9tÓese...,
143-cp.signed_BGD_processed.json,Số lẫn chữ (OCR),CAO,P90ỹ,[Cần xem ảnh gốc],...o.ooooesoeo09./...ooVV)98B9SPoP90ỹPPOŸÿọbUvgvsvwevoọ9tÓeseGenĐoĐ...,
143-cp.signed_BGD_processed.json,Số lẫn chữ (OCR),CAO,ọ9t,[Cần xem ảnh gốc],...V)98B9SPoP90ỹPPOŸÿọbUvgvsvwevoọ9tÓeseGenĐoĐseo - Địa chỉ đăng k...,
143-cp.signed_BGD_processed.json,Số lẫn chữ (OCR),CAO,ư1t,[Cần xem ảnh gốc],...định. Nei nhân mm CHỦ TỊCH - Ưư1tceu - Bộ Giáo dục và Đào tạo (...,
143-cp.signed_BGD_processed.json,Số lẫn chữ (OCR),CAO,n0520099990004099909099999000909000000000900008n,[Cần xem ảnh gốc],...09009409099089990040000900000nn0520099990004099909099999000909000000000900008n8599999 Y........x...ooo.oo......,
143-cp.signed_BGD_processed.json,Số lẫn chữ (OCR),CAO,o7o,[Cần xem ảnh gốc],...x...ooo.oo...g.oooooo......OÐOo7oxoÌo0Ọ0o....eÔ..oÐ.;..S..........,
143-cp.signed_BGD_processed.json,Số lẫn chữ (OCR),CAO,o0Ọ,[Cần xem ảnh gốc],...o.oo...g.oooooo......OÐOo7oxoÌo0Ọ0o....eÔ..oÐ.;..S.......0........,
143-cp.signed_BGD_processed.json,Số lẫn chữ (OCR),CAO,ọ3o,[Cần xem ảnh gốc],...am 31999..79909207o.1 9. )/ẽ$“ọ3oo9e9oo°P9600e2/0«6809099000092...,
143-cp.signed_BGD_processed.json,Số lẫn chữ (OCR),CAO,o9e,[Cần xem ảnh gốc],...31999..79909207o.1 9. )/ẽ$“ọ3oo9e9oo°P9600e2/0«6809099000092008...,
143-cp.signed_BGD_processed.json,Số lẫn chữ (OCR),CAO,P9600e,[Cần xem ảnh gốc],...79909207o.1 9. )/ẽ$“ọ3oo9e9oo°P9600e2/0«68090990000920080n00099909...,
143-cp.signed_BGD_processed.json,Số lẫn chữ (OCR),CAO,n7Ồ,[Cần xem ảnh gốc],......................nnunnnnnVnnn7Ồ050 050... í5)..............GG...,
143-cp.signed_BGD_processed.json,Ký tự lạ,THẤP,§,[Xóa hoặc thay thế],... đảm thực hiện thông§uôt việc giải quyết...,
143-cp.signed_BGD_processed.json,Ký tự lạ,THẤP,›,[Xóa hoặc thay thế],...năm....... TỜ TRÌNH › Về việc đề nghị ch...,
143-cp.signed_BGD_processed.json,Ký tự lạ,THẤP,‹,[Xóa hoặc thay thế],... dục của cơ sở giáo ‹ dục nước ngoài hoặ...,
143-cp.signed_BGD_processed.json,Ký tự lạ,THẤP,«,[Xóa hoặc thay thế],...“ọ3oo9e9oo°P9600e2/0«68090990000920080n0...,
143-cp.signed_BGD_processed.json,Ký tự lạ,THẤP,®,[Xóa hoặc thay thế],"... vi Ì hoạt động: HN ® NI"",              ...",
144-ndcp.signed_bộ xây dựng_processed.json,Số lẫn chữ (OCR),CAO,a2008019600090996909999090909069600990000880e,[Cần xem ảnh gốc],...049814918098019399990004260468a2008019600090996909999090909069600990000880e48464404048420909990909090992s...,
144-ndcp.signed_bộ xây dựng_processed.json,Số lẫn chữ (OCR),CAO,s8480609n,[Cần xem ảnh gốc],...e48464404048420909990909090992s8480609n09009950000042ea68Aa 2...eno25...,
144-ndcp.signed_bộ xây dựng_processed.json,Số lẫn chữ (OCR),CAO,a68A,[Cần xem ảnh gốc],...090992s8480609n09009950000042ea68Aa 2...eno259969296é£á“s2989009...,
144-ndcp.signed_bộ xây dựng_processed.json,Số lẫn chữ (OCR),CAO,o259969296é,[Cần xem ảnh gốc],...09n09009950000042ea68Aa 2...eno259969296é£á“s2989009668e 9 na20980420.9...,
144-ndcp.signed_bộ xây dựng_processed.json,Số lẫn chữ (OCR),CAO,s2989009668e,[Cần xem ảnh gốc],...042ea68Aa 2...eno259969296é£á“s2989009668e 9 na20980420.9000v49009420884...,
144-ndcp.signed_bộ xây dựng_processed.json,Số lẫn chữ (OCR),CAO,v490094208840060005050899999099820090906909990990600004400000999094009206900520P,[Cần xem ảnh gốc],...s2989009668e 9 na20980420.9000v490094208840060005050899999099820090906909990990600004400000999094009206900520P200e9990000082/208200269.80929...,
144-ndcp.signed_bộ xây dựng_processed.json,Số lẫn chữ (OCR),CAO,W099959096042009990700090900090Á,[Cần xem ảnh gốc],"...200e9990000082/208200269.80929W099959096042009990700090900090Á02.0ẹ4đọ"",               ""diem...",
144-ndcp.signed_bộ xây dựng_processed.json,Số lẫn chữ (OCR),CAO,ẹ4đ,[Cần xem ảnh gốc],"...9096042009990700090900090Á02.0ẹ4đọ"",               ""diem"": []  ...",
144-ndcp.signed_bộ xây dựng_processed.json,Số lẫn chữ (OCR),CAO,d0n,[Cần xem ảnh gốc],"...háng... năm... mm. 2262 ke, (dd0nm/yyyy) CƠ QUAN CÁP GIẦY PHÉP ...",
144-ndcp.signed_bộ xây dựng_processed.json,Số lẫn chữ (OCR),CAO,a60099090P,[Cần xem ảnh gốc],...00080000004009990.90949n40.602a60099090P9A04008A20Aaene009n98999998989...,
144-ndcp.signed_bộ xây dựng_processed.json,Số lẫn chữ (OCR),CAO,A04008A,[Cần xem ảnh gốc],...009990.90949n40.602a60099090P9A04008A20Aaene009n9899999898950609099...,
144-ndcp.signed_bộ xây dựng_processed.json,Số lẫn chữ (OCR),CAO,e009n,[Cần xem ảnh gốc],...40.602a60099090P9A04008A20Aaene009n989999989895060909999050299089...,
144-ndcp.signed_bộ xây dựng_processed.json,Số lẫn chữ (OCR),CAO,P29099W,[Cần xem ảnh gốc],...900460080909900004680008a809Ñ0P29099W920249409099950290900400002e00...,
144-ndcp.signed_bộ xây dựng_processed.json,Số lẫn chữ (OCR),CAO,â186s,[Cần xem ảnh gốc],"...00000900000099024626œ0“3‹°2©14â186s«8ợø2° 3, Số điện thoại (Telep...",
144-ndcp.signed_bộ xây dựng_processed.json,Số lẫn chữ (OCR),CAO,A4806000808009099090n,[Cần xem ảnh gốc],...00098908085020098200049290804nA4806000808009099090ns49008686989/99020090096909099...,
144-ndcp.signed_bộ xây dựng_processed.json,Số lẫn chữ (OCR),CAO,S8046e,[Cần xem ảnh gốc],...9099988965s8)09<..09ộ9908.8524S8046e840062aN8908069ø9X50 nen nen k...,
144-ndcp.signed_bộ xây dựng_processed.json,Số lẫn chữ (OCR),CAO,e4t,[Cần xem ảnh gốc],.........2.“.sasseneeeesananuaesee4teeon.a.e4eeeeseGsQeeCôooe0so.o...,
144-ndcp.signed_bộ xây dựng_processed.json,Số lẫn chữ (OCR),CAO,e4e,[Cần xem ảnh gốc],...sasseneeeesananuaesee4teeon.a.e4eeeeseGsQeeCôooe0so.omteosts.si...,
144-ndcp.signed_bộ xây dựng_processed.json,Số lẫn chữ (OCR),CAO,e0s,[Cần xem ảnh gốc],...esee4teeon.a.e4eeeeseGsQeeCôooe0so.omteosts.sinaesstsassssseoeo...,
144-ndcp.signed_bộ xây dựng_processed.json,Số lẫn chữ (OCR),CAO,n1n,[Cần xem ảnh gốc],...1 1N 1n nnnnnnnnnnn N n nn n nn1n0n0:01 - Điểm dừng thứ ba:.......,
144-ndcp.signed_bộ xây dựng_processed.json,Số lẫn chữ (OCR),CAO,e2e,[Cần xem ảnh gốc],...oooeoeoOeoỮsdoeoeoeoeosOos.eose2eoỶmseeeoeosiaaopeesasaess 2.8 ...,
144-ndcp.signed_bộ xây dựng_processed.json,Số lẫn chữ (OCR),CAO,k2n,[Cần xem ảnh gốc],"...y, kể từ ngày ký văn bản này, k2nEeEEeaE992961 phải đưa phương ...",
144-ndcp.signed_bộ xây dựng_processed.json,Số lẫn chữ (OCR),CAO,đ406đ,[Cần xem ảnh gốc],"... (Ký tên, đóng dâu).9209909092đ406đ.a8%% Mẫu số"",               ""...",
144-ndcp.signed_bộ xây dựng_processed.json,Số lẫn chữ (OCR),CAO,e0804009A,[Cần xem ảnh gốc],...á dỡ tàu biển; 9960©£©£.0080eee0804009A990090800280999990990690999909...,
144-ndcp.signed_bộ xây dựng_processed.json,Số lẫn chữ (OCR),CAO,a0s,[Cần xem ảnh gốc],...92992990099009990990909989658na0s46028eauens2s9pp$ene ĐẠI DIỆN ...,
144-ndcp.signed_bộ xây dựng_processed.json,Số lẫn chữ (OCR),CAO,s2s,[Cần xem ảnh gốc],...9990990909989658na0s46028eauens2s9pp$ene ĐẠI DIỆN CƠ SỞ PHÁ DỠ ...,
144-ndcp.signed_bộ xây dựng_processed.json,Số lẫn chữ (OCR),CAO,i1u,[Cần xem ảnh gốc],...á đỡ:................277u(eeeei1unennb nen 11a nnnEnnn 1E 1n E ...,
144-ndcp.signed_bộ xây dựng_processed.json,Số lẫn chữ (OCR),CAO,e6e,[Cần xem ảnh gốc],.................................e6eseeeeeeeeeneeenneeeneeennssees...,
144-ndcp.signed_bộ xây dựng_processed.json,Số lẫn chữ (OCR),CAO,A0ộ,[Cần xem ảnh gốc],...$tưút øöOÀeô 989W 602QSZP $$@ A0ộN $đé$ vu.e.... eo... ss.ss.s....,
144-ndcp.signed_bộ xây dựng_processed.json,Số lẫn chữ (OCR),CAO,e0s,[Cần xem ảnh gốc],... (01 bản); Ghỉ chú:...99899999e0s..0Gemgsndtv.eon.eveooeosSet.e...,
144-ndcp.signed_bộ xây dựng_processed.json,Ký tự lạ,THẤP,©,[Xóa hoặc thay thế],"...xây dựng thực hiện; ©) Trình tự, thủ tục...",
144-ndcp.signed_bộ xây dựng_processed.json,Ký tự lạ,THẤP,⁄,[Xóa hoặc thay thế],...O THÔNG ĐƯỜNG BỘ Na ⁄®/Kèm theo Nghị địn...,
144-ndcp.signed_bộ xây dựng_processed.json,Ký tự lạ,THẤP,»,[Xóa hoặc thay thế],"... ” LƯ AI 4 4 Ầ A 7 -» 7? 4 Điệu"",       ...",
144-ndcp.signed_bộ xây dựng_processed.json,Ký tự lạ,THẤP,›,[Xóa hoặc thay thế],...trở lên Mọi cấp » ” › NA Phụ lucJV. CC B...,
144-ndcp.signed_bộ xây dựng_processed.json,Ký tự lạ,THẤP,‹,[Xóa hoặc thay thế],...t cấu khác sử dụng _‹ x x. LÃ x x. LÃ P ...,
144-ndcp.signed_bộ xây dựng_processed.json,Ký tự lạ,THẤP,«,[Xóa hoặc thay thế],"...24626œ0“3‹°2©14â186s«8ợø2° 3, Số điện th...",
144-ndcp.signed_bộ xây dựng_processed.json,Ký tự lạ,THẤP,®,[Xóa hoặc thay thế],...ÚC LẬP QUY HOẠCH sÀ ®ẹ^ - ^ A^ - Z.. P A...,
144-ndcp.signed_bộ xây dựng_processed.json,Có thể sai chính tả,TRUNG BÌNH,điêm,điểm,"...g theo quy định tại điêm a khoản này, đề xuâ...",
146nd.signed_công nghiệp_thương maih_processed.json,Số lẫn chữ (OCR),CAO,G2b,[Cần xem ảnh gốc],"...huộc, Công báo; - Lưu: VT, CN G2b).4$ Ù Phụ lục J H TỰ, THÚ TỤC...",
151-ndcp.signed_datdai_processed.json,Số lẫn chữ (OCR),CAO,a0s,[Cần xem ảnh gốc],...định số.9908098606060666œ0@£4xa0s6582.$009063206oe8Ỡ60299990960...,
151-ndcp.signed_datdai_processed.json,Số lẫn chữ (OCR),CAO,e8Ỡ,[Cần xem ảnh gốc],...60666œ0@£4xa0s6582.$009063206oe8Ỡ602999909609909004082000909042...,
151-ndcp.signed_datdai_processed.json,Số lẫn chữ (OCR),CAO,ố2ô,[Cần xem ảnh gốc],...60990900408200090904206060000số2ô298904095089004090880600@4ôn8$...,
151-ndcp.signed_datdai_processed.json,Số lẫn chữ (OCR),CAO,o9o,[Cần xem ảnh gốc],...baeasvaoooooooeo.s.eooeoaooeoeo9oeeooOooOooAooGpeanansoooaoooeA...,
151-ndcp.signed_datdai_processed.json,Số lẫn chữ (OCR),CAO,ả422209ỳ,[Cần xem ảnh gốc],... 3979999 899ÐỘ.0.90Đ.9009TlèbAả422209ỳ0øeo8.05.002000000.40.Pb008909...,
151-ndcp.signed_datdai_processed.json,Số lẫn chữ (OCR),CAO,b008909890200909009004s,[Cần xem ảnh gốc],"...422209ỳ0øeo8.05.002000000.40.Pb008909890200909009004se0e2søn93Rn40068900959509,/096...",
151-ndcp.signed_datdai_processed.json,Số lẫn chữ (OCR),CAO,e0e,[Cần xem ảnh gốc],"...00.40.Pb008909890200909009004se0e2søn93Rn40068900959509,/096990...",
151-ndcp.signed_datdai_processed.json,Số lẫn chữ (OCR),CAO,n93R,[Cần xem ảnh gốc],"...Pb008909890200909009004se0e2søn93Rn40068900959509,/0969902684800...",
151-ndcp.signed_datdai_processed.json,Số lẫn chữ (OCR),CAO,s0e,[Cần xem ảnh gốc],...90 829Đ2 90809 0689 4890 B858 s0eo P9962 PO O 9690 0.0 9600 08Ạ...,
151-ndcp.signed_datdai_processed.json,Số lẫn chữ (OCR),CAO,S80Ạ,[Cần xem ảnh gốc],...962 PO O 9690 0.0 9600 08ẠOoO S80ẠIP 08050 9G@O G®9o BGÓP G090 c...,
151-ndcp.signed_datdai_processed.json,Số lẫn chữ (OCR),CAO,g1a,[Cần xem ảnh gốc],"... thành do không có người tham g1a);"",               ""diem"": [  ...",
151-ndcp.signed_datdai_processed.json,Số lẫn chữ (OCR),CAO,n80g,[Cần xem ảnh gốc],"...hà, đất, công trình xây dựng, n80g) mục công trình. xây dựng;""  ...",
151-ndcp.signed_datdai_processed.json,Số lẫn chữ (OCR),CAO,s08e,[Cần xem ảnh gốc],...ử dụng rừng (nếu có) 9...9. 20s08e00el2á0esnøopọpoooseaÔeGe96neo...,
151-ndcp.signed_datdai_processed.json,Số lẫn chữ (OCR),CAO,l2á,[Cần xem ảnh gốc],...rừng (nếu có) 9...9. 20s08e00el2á0esnøopọpoooseaÔeGe96neoooeoeO...,
151-ndcp.signed_datdai_processed.json,Số lẫn chữ (OCR),CAO,e96n,[Cần xem ảnh gốc],...20s08e00el2á0esnøopọpoooseaÔeGe96neoooeoeOo090002eeoeostGÔsoo0oe...,
151-ndcp.signed_datdai_processed.json,Số lẫn chữ (OCR),CAO,o090002e,[Cần xem ảnh gốc],...0esnøopọpoooseaÔeGe96neoooeoeOo090002eeoeostGÔsoo0oeô09090060se$s2ô2...,
151-ndcp.signed_datdai_processed.json,Số lẫn chữ (OCR),CAO,o0o,[Cần xem ảnh gốc],"...e96neoooeoeOo090002eeoeostGÔsoo0oeô09090060se$s2ô28.2ee,e Thời ...",
151-ndcp.signed_datdai_processed.json,Số lẫn chữ (OCR),CAO,ô09090060s,[Cần xem ảnh gốc],"...eoooeoeOo090002eeoeostGÔsoo0oeô09090060se$s2ô28.2ee,e Thời hạn sử dụng...",
151-ndcp.signed_datdai_processed.json,Số lẫn chữ (OCR),CAO,s2ô,[Cần xem ảnh gốc],"...002eeoeostGÔsoo0oeô09090060se$s2ô28.2ee,e Thời hạn sử dụng đất ...",
151-ndcp.signed_datdai_processed.json,Số lẫn chữ (OCR),CAO,o0e,[Cần xem ảnh gốc],...DÂN... 89999.7)Ó0.“:0ssssxneneo0e00v.e88..000600400009060400999...,
151-ndcp.signed_datdai_processed.json,Số lẫn chữ (OCR),CAO,e90000e,[Cần xem ảnh gốc],...0sø 6098090290089Đ..G&saôóngpoe90000eone990609090060090900968ô°4sSn...,
151-ndcp.signed_datdai_processed.json,Số lẫn chữ (OCR),CAO,e990609090060090900968ô,[Cần xem ảnh gốc],...90290089Đ..G&saôóngpoe90000eone990609090060090900968ô°4sSngp9W$8%0t2989040â400 Ghi ...,
151-ndcp.signed_datdai_processed.json,Số lẫn chữ (OCR),CAO,p9W,[Cần xem ảnh gốc],...ne990609090060090900968ô°4sSngp9W$8%0t2989040â400 Ghi theo từng...,
151-ndcp.signed_datdai_processed.json,Số lẫn chữ (OCR),CAO,t2989040â,[Cần xem ảnh gốc],...9090060090900968ô°4sSngp9W$8%0t2989040â400 Ghi theo từng loại căn cứ ...,
151-ndcp.signed_datdai_processed.json,Số lẫn chữ (OCR),CAO,o948a,[Cần xem ảnh gốc],...N NHÂN DÂN... 29989990979259.oo948a2680009000T.ÁoooexeneeeePaoô0s...,
151-ndcp.signed_datdai_processed.json,Số lẫn chữ (OCR),CAO,ô0s,[Cần xem ảnh gốc],...48a2680009000T.ÁoooexeneeeePaoô0sese.neebaooiooveoeooeoeOnoeooa...,
151-ndcp.signed_datdai_processed.json,Số lẫn chữ (OCR),CAO,O000002968029v,[Cần xem ảnh gốc],...e.neebaooiooveoeooeoeOnoeooaÔoO000002968029v.vue«snvwesesusaeanseaseooseas...,
151-ndcp.signed_datdai_processed.json,Số lẫn chữ (OCR),CAO,Ồ97ị,[Cần xem ảnh gốc],....Gnnnnnnnnnennnnn/n 0. 9999999Ồ97ị.99.49J°o0..oô 9 Voeøe20070)0....,
151-ndcp.signed_datdai_processed.json,Số lẫn chữ (OCR),CAO,e95959099904s,[Cần xem ảnh gốc],...o0..oô 9 Voeøe20070)0.0990..09e95959099904s69n09000099998000000009200000/...,
151-ndcp.signed_datdai_processed.json,Số lẫn chữ (OCR),CAO,V996089220000000902ô,[Cần xem ảnh gốc],... tính theo giá đất cụ thể...99V996089220000000902ô2w9ô9on26020080060096846020e°k...,
151-ndcp.signed_datdai_processed.json,Số lẫn chữ (OCR),CAO,w9ô,[Cần xem ảnh gốc],... thể...99V996089220000000902ô2w9ô9on26020080060096846020e°kè0eg...,
151-ndcp.signed_datdai_processed.json,Số lẫn chữ (OCR),CAO,n26020080060096846020e,[Cần xem ảnh gốc],.....99V996089220000000902ô2w9ô9on26020080060096846020e°kè0egø0oe02600e02900%đ8Stùâ4Ô...,
151-ndcp.signed_datdai_processed.json,Số lẫn chữ (OCR),CAO,è0e,[Cần xem ảnh gốc],...2w9ô9on26020080060096846020e°kè0egø0oe02600e02900%đ8Stùâ4Ôn000Đ...,
151-ndcp.signed_datdai_processed.json,Số lẫn chữ (OCR),CAO,e02600e,[Cần xem ảnh gốc],...26020080060096846020e°kè0egø0oe02600e02900%đ8Stùâ4Ôn000Đôôẹ$ẹ$S0S(8...,
151-ndcp.signed_datdai_processed.json,Số lẫn chữ (OCR),CAO,đ8S,[Cần xem ảnh gốc],...6846020e°kè0egø0oe02600e02900%đ8Stùâ4Ôn000Đôôẹ$ẹ$S0S(8&ô 2........,
151-ndcp.signed_datdai_processed.json,Số lẫn chữ (OCR),CAO,â4Ô,[Cần xem ảnh gốc],...20e°kè0egø0oe02600e02900%đ8Stùâ4Ôn000Đôôẹ$ẹ$S0S(8&ô 2....... xá...,
151-ndcp.signed_datdai_processed.json,Số lẫn chữ (OCR),CAO,n000Đ,[Cần xem ảnh gốc],...°kè0egø0oe02600e02900%đ8Stùâ4Ôn000Đôôẹ$ẹ$S0S(8&ô 2....... xác địn...,
151-ndcp.signed_datdai_processed.json,Số lẫn chữ (OCR),CAO,S0S,[Cần xem ảnh gốc],...2600e02900%đ8Stùâ4Ôn000Đôôẹ$ẹ$S0S(8&ô 2....... xác định tiền sử...,
151-ndcp.signed_datdai_processed.json,Số lẫn chữ (OCR),CAO,e0s,[Cần xem ảnh gốc],...songKoeoooeonebse 2.780909099øe0se.. 008. 9909900090000@20twœÐk...,
151-ndcp.signed_datdai_processed.json,Số lẫn chữ (OCR),CAO,k8o,[Cần xem ảnh gốc],...se.. 008. 9909900090000@20twœÐk8o00@khô2 đ%0K02đ1Rnô620000ô0ô0ở...,
151-ndcp.signed_datdai_processed.json,Số lẫn chữ (OCR),CAO,K02đ,[Cần xem ảnh gốc],...900090000@20twœÐk8o00@khô2 đ%0K02đ1Rnô620000ô0ô0ởóøĐØẹ$2wøơøơm '...,
151-ndcp.signed_datdai_processed.json,Số lẫn chữ (OCR),CAO,ô620000ô,[Cần xem ảnh gốc],...00@20twœÐk8o00@khô2 đ%0K02đ1Rnô620000ô0ô0ởóøĐØẹ$2wøơøơm ' Ghi rõ các...,
151-ndcp.signed_datdai_processed.json,Số lẫn chữ (OCR),CAO,ô0ở,[Cần xem ảnh gốc],...k8o00@khô2 đ%0K02đ1Rnô620000ô0ô0ởóøĐØẹ$2wøơøơm ' Ghi rõ các trư...,
151-ndcp.signed_datdai_processed.json,Số lẫn chữ (OCR),CAO,â8ó,[Cần xem ảnh gốc],"...khu đát (m:, gồm:..7.090964009â8ó(®omngooopgoOooOĐ6GeG0esas.2os...",
151-ndcp.signed_datdai_processed.json,Số lẫn chữ (OCR),CAO,Đ6G,[Cần xem ảnh gốc],...7.090964009â8ó(®omngooopgoOooOĐ6GeG0esas.2oseseseo.9.9009đ79%08...,
151-ndcp.signed_datdai_processed.json,Số lẫn chữ (OCR),CAO,G0e,[Cần xem ảnh gốc],...0964009â8ó(®omngooopgoOooOĐ6GeG0esas.2oseseseo.9.9009đ79%08%260...,
151-ndcp.signed_datdai_processed.json,Số lẫn chữ (OCR),CAO,đ068đ,[Cần xem ảnh gốc],...sas.2oseseseo.9.9009đ79%08%260đ068đđn80$mseP9W920999609260960 909...,
151-ndcp.signed_datdai_processed.json,Số lẫn chữ (OCR),CAO,P9W,[Cần xem ảnh gốc],....9.9009đ79%08%260đ068đđn80$mseP9W920999609260960 909099398 s8s8...,
151-ndcp.signed_datdai_processed.json,Số lẫn chữ (OCR),CAO,s8s,[Cần xem ảnh gốc],...eP9W920999609260960 909099398 s8s8e.98096909éôð8Ósố.%ôổỖô002080...,
151-ndcp.signed_datdai_processed.json,Số lẫn chữ (OCR),CAO,đ60Đ,[Cần xem ảnh gốc],...05090899%00680990989899%996006đ60Đ0&46ô64 - Diện tích đất của tổ...,
151-ndcp.signed_datdai_processed.json,Số lẫn chữ (OCR),CAO,E8E,[Cần xem ảnh gốc],......Gnnnnn nen nh EnnEEHEEEEEEEE8EEEE001000009000000000000070:/....,
151-ndcp.signed_datdai_processed.json,Số lẫn chữ (OCR),CAO,E1n,[Cần xem ảnh gốc],...nnnnnnnnnnnbnennnenEEn nen EEnE1nen00100000010707 ĐẠI DIỆN... (...,
151-ndcp.signed_datdai_processed.json,Số lẫn chữ (OCR),CAO,â28480Á,[Cần xem ảnh gốc],...89920986000009%089689062022090â28480ÁaÔoô09908090086060seø580000990...,
151-ndcp.signed_datdai_processed.json,Số lẫn chữ (OCR),CAO,ô09908090086060s,[Cần xem ảnh gốc],...0009%089689062022090â28480ÁaÔoô09908090086060seø5800009900909060989000000000...,
151-ndcp.signed_datdai_processed.json,Số lẫn chữ (OCR),CAO,V8599993099808ọ,[Cần xem ảnh gốc],"...               ""noi_dung"": ""9ŸV8599993099808ọ08900bl2l60509958098692602đ0@ẽ...",
151-ndcp.signed_datdai_processed.json,Số lẫn chữ (OCR),CAO,l2l,[Cần xem ảnh gốc],"...ung"": ""9ŸV8599993099808ọ08900bl2l60509958098692602đ0@ẽẻeô262099...",
151-ndcp.signed_datdai_processed.json,Số lẫn chữ (OCR),CAO,ô26209904s,[Cần xem ảnh gốc],...900bl2l60509958098692602đ0@ẽẻeô26209904sosxS2sø2oNeenaeooe0902000.8009...,
151-ndcp.signed_datdai_processed.json,Số lẫn chữ (OCR),CAO,S2s,[Cần xem ảnh gốc],...58098692602đ0@ẽẻeô26209904sosxS2sø2oNeenaeooe0902000.8009690000...,
151-ndcp.signed_datdai_processed.json,Số lẫn chữ (OCR),CAO,o6006đ,[Cần xem ảnh gốc],...0680.999989890060400ôsmn008.07o6006đ2s89020900900sởở46329090999906...,
151-ndcp.signed_datdai_processed.json,Số lẫn chữ (OCR),CAO,s89020900900s,[Cần xem ảnh gốc],...9989890060400ôsmn008.07o6006đ2s89020900900sởở46329090999906008000008ô0240...,
151-ndcp.signed_datdai_processed.json,Số lẫn chữ (OCR),CAO,ở46329090999906008000008ô,[Cần xem ảnh gốc],...smn008.07o6006đ2s89020900900sởở46329090999906008000008ô024060@@280se609“80“Óa6908480ụ...,
151-ndcp.signed_datdai_processed.json,Số lẫn chữ (OCR),CAO,a6908480ụ,[Cần xem ảnh gốc],...08000008ô024060@@280se609“80“Óa6908480ụn6Đ0a đ) Tài sản gắn liền với ...,
151-ndcp.signed_datdai_processed.json,Số lẫn chữ (OCR),CAO,n6Đ,[Cần xem ảnh gốc],...024060@@280se609“80“Óa6908480ụn6Đ0a đ) Tài sản gắn liền với đất...,
151-ndcp.signed_datdai_processed.json,Số lẫn chữ (OCR),CAO,a0008206s,[Cần xem ảnh gốc],...g... năm....909539900996000600a0008206saâôđ40s4o62608906bX2%$X:sơø828...,
151-ndcp.signed_datdai_processed.json,Số lẫn chữ (OCR),CAO,đ40s,[Cần xem ảnh gốc],...909539900996000600a0008206saâôđ40s4o62608906bX2%$X:sơø8282ô98000...,
151-ndcp.signed_datdai_processed.json,Số lẫn chữ (OCR),CAO,o62608906b,[Cần xem ảnh gốc],"...9900996000600a0008206saâôđ40s4o62608906bX2%$X:sơø8282ô980004ôo680"",   ...",
151-ndcp.signed_datdai_processed.json,Số lẫn chữ (OCR),CAO,ô980004ô,[Cần xem ảnh gốc],"...âôđ40s4o62608906bX2%$X:sơø8282ô980004ôo680"",               ""diem"": [...",
151-ndcp.signed_datdai_processed.json,Số lẫn chữ (OCR),CAO,ô2090999999900900s,[Cần xem ảnh gốc],...úc.....es..0es‹..9989999990.0ôô2090999999900900s..cmÁœee2nnnno0999002060066000...,
151-ndcp.signed_datdai_processed.json,Số lẫn chữ (OCR),CAO,e2n,[Cần xem ảnh gốc],...90.0ôô2090999999900900s..cmÁœee2nnnno09990020600660006000090052...,
151-ndcp.signed_datdai_processed.json,Số lẫn chữ (OCR),CAO,s3â,[Cần xem ảnh gốc],"..., fax, email...):.939890920s2$s3â2066209909.0đô0009088209609060...",
151-ndcp.signed_datdai_processed.json,Số lẫn chữ (OCR),CAO,ô000908820960906000090020000600290009660006090đ,[Cần xem ảnh gốc],...:.939890920s2$s3â2066209909.0đô000908820960906000090020000600290009660006090đ06%00ôô©Đv»sởởáôonởsøoønang§06...,
151-ndcp.signed_datdai_processed.json,Số lẫn chữ (OCR),CAO,o94s,[Cần xem ảnh gốc],.......................08.0929608o94sa09999009986088990990000909604...,
151-ndcp.signed_datdai_processed.json,Số lẫn chữ (OCR),CAO,a09999009986088990990000909604Đ,[Cần xem ảnh gốc],...................08.0929608o94sa09999009986088990990000909604Đ@009e64800đônnanasốobs$èI iùới...,
151-ndcp.signed_datdai_processed.json,Số lẫn chữ (OCR),CAO,e64800đ,[Cần xem ảnh gốc],...9009986088990990000909604Đ@009e64800đônnanasốobs$èI iùớimneeueoseso...,
151-ndcp.signed_datdai_processed.json,Số lẫn chữ (OCR),CAO,Á02Z,[Cần xem ảnh gốc],...osseoeeoseoaoseapge 899.9. 08.Á02Z/:/:0 0â8ôngoò999909008se2n506...,
151-ndcp.signed_datdai_processed.json,Số lẫn chữ (OCR),CAO,â8ô,[Cần xem ảnh gốc],...aoseapge 899.9. 08.Á02Z/:/:0 0â8ôngoò999909008se2n5060200009990...,
151-ndcp.signed_datdai_processed.json,Số lẫn chữ (OCR),CAO,ò999909008s,[Cần xem ảnh gốc],...ge 899.9. 08.Á02Z/:/:0 0â8ôngoò999909008se2n50602000099906920000806áa06...,
151-ndcp.signed_datdai_processed.json,Số lẫn chữ (OCR),CAO,e2n,[Cần xem ảnh gốc],...8.Á02Z/:/:0 0â8ôngoò999909008se2n50602000099906920000806áa0609n...,
151-ndcp.signed_datdai_processed.json,Số lẫn chữ (OCR),CAO,a0609n,[Cần xem ảnh gốc],...08se2n50602000099906920000806áa0609n000000900600009908900009409080...,
151-ndcp.signed_datdai_processed.json,Số lẫn chữ (OCR),CAO,Ố899099980869e,[Cần xem ảnh gốc],...000094090800640418ø5ùe..03.985Ố899099980869e.82ộ0962900200020099960909890a...,
151-ndcp.signed_datdai_processed.json,Số lẫn chữ (OCR),CAO,ộ0962900200020099960909890a,[Cần xem ảnh gốc],...8ø5ùe..03.985Ố899099980869e.82ộ0962900200020099960909890ae8990600060080840ôe208ô040ôs&0...,
151-ndcp.signed_datdai_processed.json,Số lẫn chữ (OCR),CAO,e8990600060080840ô,[Cần xem ảnh gốc],....82ộ0962900200020099960909890ae8990600060080840ôe208ô040ôs&0éđô%ôe©Đo409808099...,
151-ndcp.signed_datdai_processed.json,Số lẫn chữ (OCR),CAO,e208ô,[Cần xem ảnh gốc],...99960909890ae8990600060080840ôe208ô040ôs&0éđô%ôe©Đo40980809900080...,
151-ndcp.signed_datdai_processed.json,Số lẫn chữ (OCR),CAO,o4098080990008009086s,[Cần xem ảnh gốc],...060080840ôe208ô040ôs&0éđô%ôe©Đo4098080990008009086s8so8040406ø0 đ) Tài sản gắn li...,
151-ndcp.signed_datdai_processed.json,Số lẫn chữ (OCR),CAO,o9o,[Cần xem ảnh gốc],...liền với đất hiện có: 900.e.aso9oA9.609ø90996s2wasm<enP9O932606...,
151-ndcp.signed_datdai_processed.json,Số lẫn chữ (OCR),CAO,s2w,[Cần xem ảnh gốc],...ện có: 900.e.aso9oA9.609ø90996s2wasm<enP9O932606990900906048606...,
151-ndcp.signed_datdai_processed.json,Số lẫn chữ (OCR),CAO,P9O,[Cần xem ảnh gốc],...0.e.aso9oA9.609ø90996s2wasm<enP9O932606990900906048606ôe9220008...,
151-ndcp.signed_datdai_processed.json,Số lẫn chữ (OCR),CAO,t09s,[Cần xem ảnh gốc],...kèm theo đơn này gồm cóf: 990.t09swmneonpnepeosoooĐÔoOoeooeoeG0e...,
151-ndcp.signed_datdai_processed.json,Số lẫn chữ (OCR),CAO,G0e,[Cần xem ảnh gốc],...09swmneonpnepeosoooĐÔoOoeooeoeG0eoeoeneoo009e0999wWos2bonP00699...,
151-ndcp.signed_datdai_processed.json,Số lẫn chữ (OCR),CAO,o009e,[Cần xem ảnh gốc],...nepeosoooĐÔoOoeooeoeG0eoeoeneoo009e0999wWos2bonP006990e20e90609e9...,
151-ndcp.signed_datdai_processed.json,Số lẫn chữ (OCR),CAO,s2b,[Cần xem ảnh gốc],...OoeooeoeG0eoeoeneoo009e0999wWos2bonP006990e20e90609e98Đô829850ở...,
151-ndcp.signed_datdai_processed.json,Số lẫn chữ (OCR),CAO,P006990e,[Cần xem ảnh gốc],...eoeG0eoeoeneoo009e0999wWos2bonP006990e20e90609e98Đô829850ở0bỈeEsenne...,
151-ndcp.signed_datdai_processed.json,Số lẫn chữ (OCR),CAO,e90609e,[Cần xem ảnh gốc],...neoo009e0999wWos2bonP006990e20e90609e98Đô829850ở0bỈeEsenneees 3.609...,
151-ndcp.signed_datdai_processed.json,Số lẫn chữ (OCR),CAO,ô829850ở,[Cần xem ảnh gốc],...99wWos2bonP006990e20e90609e98Đô829850ở0bỈeEsenneees 3.6099900090s592...,
151-ndcp.signed_datdai_processed.json,Số lẫn chữ (OCR),CAO,s5920s,[Cần xem ảnh gốc],...850ở0bỈeEsenneees 3.6099900090s5920sø9688082066e006@6é42sđađ062aaa...,
151-ndcp.signed_datdai_processed.json,Số lẫn chữ (OCR),CAO,é42s,[Cần xem ảnh gốc],...9900090s5920sø9688082066e006@6é42sđađ062aaa009800Vvovevewwssoson...,
151-ndcp.signed_datdai_processed.json,Số lẫn chữ (OCR),CAO,đ062a,[Cần xem ảnh gốc],...0s5920sø9688082066e006@6é42sđađ062aaa009800Vvovevewwssosonnanaooo...,
151-ndcp.signed_datdai_processed.json,Số lẫn chữ (OCR),CAO,a009800V,[Cần xem ảnh gốc],...sø9688082066e006@6é42sđađ062aaa009800Vvovevewwssosonnanaoooo9909090s...,
151-ndcp.signed_datdai_processed.json,Số lẫn chữ (OCR),CAO,o9909090s,[Cần xem ảnh gốc],...aa009800Vvovevewwssosonnanaoooo9909090sgoeqseoe 9980.090900200.2ocme8...,
151-ndcp.signed_datdai_processed.json,Số lẫn chữ (OCR),CAO,e80000060m,[Cần xem ảnh gốc],...0sgoeqseoe 9980.090900200.2ocme80000060ms2øn8.980600099Đ900909090008ô0...,
151-ndcp.signed_datdai_processed.json,Số lẫn chữ (OCR),CAO,Đ900909090008ô,[Cần xem ảnh gốc],....2ocme80000060ms2øn8.980600099Đ900909090008ô00200089®b08Wn02A9O0202a001200...,
151-ndcp.signed_datdai_processed.json,Số lẫn chữ (OCR),CAO,b08W,[Cần xem ảnh gốc],...0600099Đ900909090008ô00200089®b08Wn02A9O0202a001200206809060000u...,
151-ndcp.signed_datdai_processed.json,Số lẫn chữ (OCR),CAO,n02A,[Cần xem ảnh gốc],...099Đ900909090008ô00200089®b08Wn02A9O0202a001200206809060000u.900...,
151-ndcp.signed_datdai_processed.json,Số lẫn chữ (OCR),CAO,O0202a,[Cần xem ảnh gốc],...00909090008ô00200089®b08Wn02A9O0202a001200206809060000u.9009099920...,
151-ndcp.signed_datdai_processed.json,Số lẫn chữ (OCR),CAO,e0006096020896009060w,[Cần xem ảnh gốc],...9060000u.90090999209999908snnne0006096020896009060weóssSsn0ne00002995e6s00800e96e...,
151-ndcp.signed_datdai_processed.json,Số lẫn chữ (OCR),CAO,n0n,[Cần xem ảnh gốc],"...nnne0006096020896009060weóssSsn0ne00002995e6s00800e96e _"",     ...",
151-ndcp.signed_datdai_processed.json,Số lẫn chữ (OCR),CAO,e00002995e,[Cần xem ảnh gốc],"...e0006096020896009060weóssSsn0ne00002995e6s00800e96e _"",               ...",
151-ndcp.signed_datdai_processed.json,Số lẫn chữ (OCR),CAO,s00800e,[Cần xem ảnh gốc],"...896009060weóssSsn0ne00002995e6s00800e96e _"",               ""diem"": ...",
151-ndcp.signed_datdai_processed.json,Số lẫn chữ (OCR),CAO,o290209009009092đ,[Cần xem ảnh gốc],...khác (nếu có): 9.9 99090898260o290209009009092đ0208809009ô669œ0en4mNnasane0o0...,
151-ndcp.signed_datdai_processed.json,Số lẫn chữ (OCR),CAO,n4m,[Cần xem ảnh gốc],...209009009092đ0208809009ô669œ0en4mNnasane0o006200000s8n9n20e0290...,
151-ndcp.signed_datdai_processed.json,Số lẫn chữ (OCR),CAO,e0o,[Cần xem ảnh gốc],...092đ0208809009ô669œ0en4mNnasane0o006200000s8n9n20e0290809990099...,
151-ndcp.signed_datdai_processed.json,Số lẫn chữ (OCR),CAO,s8n,[Cần xem ảnh gốc],...09ô669œ0en4mNnasane0o006200000s8n9n20e0290809990099890%60889000...,
151-ndcp.signed_datdai_processed.json,Số lẫn chữ (OCR),CAO,n20e,[Cần xem ảnh gốc],...69œ0en4mNnasane0o006200000s8n9n20e0290809990099890%6088900000060...,
151-ndcp.signed_datdai_processed.json,Số lẫn chữ (OCR),CAO,đ64s,[Cần xem ảnh gốc],"...0290809990099890%6088900000060đ64s808 Người làm đơn, (Ký và ghỉ ...",
151-ndcp.signed_datdai_processed.json,Số lẫn chữ (OCR),CAO,e8v,[Cần xem ảnh gốc],...ỳ bên thứ ba nào khác. 9.9090xe8vseoneonosanoeoeovtt0mAossesaeo...,
151-ndcp.signed_datdai_processed.json,Số lẫn chữ (OCR),CAO,t0m,[Cần xem ảnh gốc],.... 9.9090xe8vseoneonosanoeoeovtt0mAossesaeoaaeoaspaseoopooeo@eoo...,
151-ndcp.signed_datdai_processed.json,Số lẫn chữ (OCR),CAO,a2s,[Cần xem ảnh gốc],... chính ni.9..998.002190080ôós.a2ssaÓn8966u.s9bssempsspeosOđx.se...,
151-ndcp.signed_datdai_processed.json,Số lẫn chữ (OCR),CAO,n8966u,[Cần xem ảnh gốc],... ni.9..998.002190080ôós.a2ssaÓn8966u.s9bssempsspeosOđx.sennonasnse...,
151-ndcp.signed_datdai_processed.json,Số lẫn chữ (OCR),CAO,s9b,[Cần xem ảnh gốc],...998.002190080ôós.a2ssaÓn8966u.s9bssempsspeosOđx.sennonasnseoage...,
151-ndcp.signed_datdai_processed.json,Số lẫn chữ (OCR),CAO,e0s,[Cần xem ảnh gốc],...ennonasnseoageoeoOÔcp/tog/noese0ssoi.ooosSaosoaeooeCoo.Aaisesvw...,
151-ndcp.signed_datdai_processed.json,Số lẫn chữ (OCR),CAO,s6s,[Cần xem ảnh gốc],...wsesnssnnsees Số lượng 9.09e4.s6ss393.8sssosseoses tÃAÃ XÃ hoso...,
151-ndcp.signed_datdai_processed.json,Số lẫn chữ (OCR),CAO,o0o,[Cần xem ảnh gốc],...393.8sssosseoses tÃAÃ XÃ hoso.o0os.ooes.seooaseoopmomseooonoe -...,
151-ndcp.signed_datdai_processed.json,Số lẫn chữ (OCR),CAO,é689ô,[Cần xem ảnh gốc],...ữ liệu.60 009626 ôù V 8.øø)40eé689ô8665s8ô6068a88đevuomsweossesnc...,
151-ndcp.signed_datdai_processed.json,Số lẫn chữ (OCR),CAO,s8ô,[Cần xem ảnh gốc],... 009626 ôù V 8.øø)40eé689ô8665s8ô6068a88đevuomsweossesnconsesas...,
151-ndcp.signed_datdai_processed.json,Số lẫn chữ (OCR),CAO,a88đ,[Cần xem ảnh gốc],... ôù V 8.øø)40eé689ô8665s8ô6068a88đevuomsweossesnconsesasnggÐaeoe...,
151-ndcp.signed_datdai_processed.json,Số lẫn chữ (OCR),CAO,o0e,[Cần xem ảnh gốc],...vuomsweossesnconsesasnggÐaeoeOo0eoOpPe9?2eneo.CstOÔs.saoeoeoeos...,
151-ndcp.signed_datdai_processed.json,Số lẫn chữ (OCR),CAO,r1b,[Cần xem ảnh gốc],"...lấy mẫu đất: Ddữliệu rbảnđồsố r1bản đồ quét Bản đồ nguồn, tác n...",
151-ndcp.signed_datdai_processed.json,Số lẫn chữ (OCR),CAO,s2e,[Cần xem ảnh gốc],".................................s2e2./225.0.. SN mở“.""           ...",
151-ndcp.signed_datdai_processed.json,Số lẫn chữ (OCR),CAO,ô6đ,[Cần xem ảnh gốc],...1110001./000. 9.898Ồ..904.0609ô6đ2./đnaa099o9%.a..ô6øsanns9oe9e...,
151-ndcp.signed_datdai_processed.json,Số lẫn chữ (OCR),CAO,a099o,[Cần xem ảnh gốc],...000. 9.898Ồ..904.0609ô6đ2./đnaa099o9%.a..ô6øsanns9oe9e0tê868ôebpo...,
151-ndcp.signed_datdai_processed.json,Số lẫn chữ (OCR),CAO,s9o,[Cần xem ảnh gốc],...609ô6đ2./đnaa099o9%.a..ô6øsanns9oe9e0tê868ôebpo2820960090999999...,
151-ndcp.signed_datdai_processed.json,Số lẫn chữ (OCR),CAO,e9e,[Cần xem ảnh gốc],...ô6đ2./đnaa099o9%.a..ô6øsanns9oe9e0tê868ôebpo2820960090999999090...,
151-ndcp.signed_datdai_processed.json,Số lẫn chữ (OCR),CAO,ê868ô,[Cần xem ảnh gốc],.../đnaa099o9%.a..ô6øsanns9oe9e0tê868ôebpo28209600909999990908008009...,
151-ndcp.signed_datdai_processed.json,Số lẫn chữ (OCR),CAO,o2820960090999999090800800990020080Đ,[Cần xem ảnh gốc],...o9%.a..ô6øsanns9oe9e0tê868ôebpo2820960090999999090800800990020080Đ00006ô022900006000409060980940...,
151-ndcp.signed_datdai_processed.json,Số lẫn chữ (OCR),CAO,ô022900006000409060980940m,[Cần xem ảnh gốc],...999999090800800990020080Đ00006ô022900006000409060980940m00éÁóÐ8đ40660s6snømnpsnengeeoo...,
151-ndcp.signed_datdai_processed.json,Số lẫn chữ (OCR),CAO,đ40660s,[Cần xem ảnh gốc],...2900006000409060980940m00éÁóÐ8đ40660s6snømnpsnengeeooĐôan.99899.058...,
151-ndcp.signed_datdai_processed.json,Số lẫn chữ (OCR),CAO,o9000n,[Cần xem ảnh gốc],...owooseoeteo0800000090420602%98o9000nn009080a2000000$4$08888đe&$6e ...,
151-ndcp.signed_datdai_processed.json,Số lẫn chữ (OCR),CAO,n009080a,[Cần xem ảnh gốc],...oeteo0800000090420602%98o9000nn009080a2000000$4$08888đe&$6e Cam đoan...,
151-ndcp.signed_datdai_processed.json,Số lẫn chữ (OCR),CAO,n1n,[Cần xem ảnh gốc],............H.MnGbnnnnnnnnEEEEÀEnn1nEE 166000 00000900100000006000...,
151-ndcp.signed_datdai_processed.json,Số lẫn chữ (OCR),CAO,n99090900020026004o,[Cần xem ảnh gốc],...860965.090a/0) 9 0200(v.Ù 0ngen99090900020026004oo76980a92008gø9nT29V9896856558...,
151-ndcp.signed_datdai_processed.json,Số lẫn chữ (OCR),CAO,o76980a,[Cần xem ảnh gốc],...00(v.Ù 0ngen99090900020026004oo76980a92008gø9nT29V98968565589859020...,
151-ndcp.signed_datdai_processed.json,Số lẫn chữ (OCR),CAO,T29V,[Cần xem ảnh gốc],...0900020026004oo76980a92008gø9nT29V989685655898590200000060600200...,
151-ndcp.signed_datdai_processed.json,Số lẫn chữ (OCR),CAO,s2e,[Cần xem ảnh gốc],....eeeeeeeeeeeeseeeeeseessnnl Lus2eeeessnNäơi nhận:.00990900800.....,
151-ndcp.signed_datdai_processed.json,Số lẫn chữ (OCR),CAO,s904690n,[Cần xem ảnh gốc],...eeessnNäơi nhận:.00990900800..s904690n2._ ( 7n (Ký tên đóng dầu) Hướ...,
151-ndcp.signed_datdai_processed.json,Số lẫn chữ (OCR),CAO,đ26006062o,[Cần xem ảnh gốc],...ung biến động ): 9.9906050060@đ26006062o%06®.©Đ80Ó0.ùÐ@.“đG“<S808680^8...,
151-ndcp.signed_datdai_processed.json,Số lẫn chữ (OCR),CAO,Đ80Ó,[Cần xem ảnh gốc],... 9.9906050060@đ26006062o%06®.©Đ80Ó0.ùÐ@.“đG“<S808680^800ô00868ãô...,
151-ndcp.signed_datdai_processed.json,Số lẫn chữ (OCR),CAO,ô00868ã,[Cần xem ảnh gốc],...6®.©Đ80Ó0.ùÐ@.“đG“<S808680^800ô00868ãôø8ôsđ0đ6óđ2026đ08000000240600...,
151-ndcp.signed_datdai_processed.json,Số lẫn chữ (OCR),CAO,đ0đ,[Cần xem ảnh gốc],...@.“đG“<S808680^800ô00868ãôø8ôsđ0đ6óđ2026đ080000002406000&øêW&øw...,
151-ndcp.signed_datdai_processed.json,Số lẫn chữ (OCR),CAO,đ2026đ,[Cần xem ảnh gốc],...“<S808680^800ô00868ãôø8ôsđ0đ6óđ2026đ080000002406000&øêW&øwnneoopns...,
151-ndcp.signed_datdai_processed.json,Số lẫn chữ (OCR),CAO,N40689989N,[Cần xem ảnh gốc],...050990908009599%9060090960820øN40689989Nn6o298NG - Diện tích đất ngoài...,
151-ndcp.signed_datdai_processed.json,Số lẫn chữ (OCR),CAO,n6o,[Cần xem ảnh gốc],...09599%9060090960820øN40689989Nn6o298NG - Diện tích đất ngoài hạ...,
151-ndcp.signed_datdai_processed.json,Số lẫn chữ (OCR),CAO,L0e,[Cần xem ảnh gốc],"...dụng:........................ L0ee nen nen ốg mở"",             ...",
151-ndcp.signed_datdai_processed.json,Số lẫn chữ (OCR),CAO,G0I,[Cần xem ảnh gốc],"..."": ""Số tằng:......... sessssskG0I11 DU VLOII Z2 LOL Ãosaseeesee...",
151-ndcp.signed_datdai_processed.json,Số lẫn chữ (OCR),CAO,n1n,[Cần xem ảnh gốc],"............HHnnnNn HN nnnn nnEnnn1n-n nnn0--... Vị trí, ranh giới...",
151-ndcp.signed_datdai_processed.json,Số lẫn chữ (OCR),CAO,o9o,[Cần xem ảnh gốc],...háng....ea999.08090220 đô. áooo9oOo0ô-.ôôn0oệ@ởøoọ 0 Wo9Ooeoese...,
151-ndcp.signed_datdai_processed.json,Số lẫn chữ (OCR),CAO,o0ô,[Cần xem ảnh gốc],.......ea999.08090220 đô. áooo9oOo0ô-.ôôn0oệ@ởøoọ 0 Wo9OoeoeseGeoe...,
151-ndcp.signed_datdai_processed.json,Số lẫn chữ (OCR),CAO,n0o,[Cần xem ảnh gốc],...99.08090220 đô. áooo9oOo0ô-.ôôn0oệ@ởøoọ 0 Wo9OoeoeseGeoeosGoaeo...,
151-ndcp.signed_datdai_processed.json,Số lẫn chữ (OCR),CAO,o9O,[Cần xem ảnh gốc],...ô. áooo9oOo0ô-.ôôn0oệ@ởøoọ 0 Wo9OoeoeseGeoeosGoaeoxseoeopOseopo...,
151-ndcp.signed_datdai_processed.json,Số lẫn chữ (OCR),CAO,s9e,[Cần xem ảnh gốc],"... đất:...........ð.7.2772772006s9enï, Giấy tờ nhân thân/pháp nhâ...",
151-ndcp.signed_datdai_processed.json,Số lẫn chữ (OCR),CAO,L3e,[Cần xem ảnh gốc],"... cơ quan, đơn vị lập bản vẽ I L3eiiinnneneeennineinninneinninne...",
151-ndcp.signed_datdai_processed.json,Số lẫn chữ (OCR),CAO,t0u,[Cần xem ảnh gốc],...ssssssss.099999meonessotdesteot0u.d0eoteGÔo2e9000b0ess0eG0$t060...,
151-ndcp.signed_datdai_processed.json,Số lẫn chữ (OCR),CAO,d0e,[Cần xem ảnh gốc],...ssss.099999meonessotdesteot0u.d0eoteGÔo2e9000b0ess0eG0$t0600.ô9...,
151-ndcp.signed_datdai_processed.json,Số lẫn chữ (OCR),CAO,o2e,[Cần xem ảnh gốc],...999meonessotdesteot0u.d0eoteGÔo2e9000b0ess0eG0$t0600.ô96émnn000...,
151-ndcp.signed_datdai_processed.json,Số lẫn chữ (OCR),CAO,b0e,[Cần xem ảnh gốc],...essotdesteot0u.d0eoteGÔo2e9000b0ess0eG0$t0600.ô96émnn000neèoNGở...,
151-ndcp.signed_datdai_processed.json,Số lẫn chữ (OCR),CAO,s0e,[Cần xem ảnh gốc],...tdesteot0u.d0eoteGÔo2e9000b0ess0eG0$t0600.ô96émnn000neèoNGởsePn...,
151-ndcp.signed_datdai_processed.json,Số lẫn chữ (OCR),CAO,ô96é,[Cần xem ảnh gốc],...0eoteGÔo2e9000b0ess0eG0$t0600.ô96émnn000neèoNGởsePngôsepovpoepa0...,
151-ndcp.signed_datdai_processed.json,Số lẫn chữ (OCR),CAO,n000n,[Cần xem ảnh gốc],...Ôo2e9000b0ess0eG0$t0600.ô96émnn000neèoNGởsePngôsepovpoepa0songeCi...,
151-ndcp.signed_datdai_processed.json,Số lẫn chữ (OCR),CAO,a0s,[Cần xem ảnh gốc],...6émnn000neèoNGởsePngôsepovpoepa0songeCiseênedeseoteo20o0e0ose09...,
151-ndcp.signed_datdai_processed.json,Số lẫn chữ (OCR),CAO,o20o,[Cần xem ảnh gốc],...sepovpoepa0songeCiseênedeseoteo20o0e0ose09enaeoeooonnetaeoeoeGeo...,
151-ndcp.signed_datdai_processed.json,Số lẫn chữ (OCR),CAO,e0o,[Cần xem ảnh gốc],...poepa0songeCiseênedeseoteo20o0e0ose09enaeoeooonnetaeoeoeGeoeoeo...,
151-ndcp.signed_datdai_processed.json,Số lẫn chữ (OCR),CAO,e09e,[Cần xem ảnh gốc],...a0songeCiseênedeseoteo20o0e0ose09enaeoeooonnetaeoeoeGeoeoeooeoeo...,
151-ndcp.signed_datdai_processed.json,Số lẫn chữ (OCR),CAO,a0l,[Cần xem ảnh gốc],...oeoeooeoeooeoose..+0.....o0“.Aa0leA206đođôbe0699000000902029900...,
151-ndcp.signed_datdai_processed.json,Số lẫn chữ (OCR),CAO,A206đ,[Cần xem ảnh gốc],...ooeoeooeoose..+0.....o0“.Aa0leA206đođôbe0699000000902029900990990...,
151-ndcp.signed_datdai_processed.json,Số lẫn chữ (OCR),CAO,s80Đ,[Cần xem ảnh gốc],...0206000090©408240000608©46®092s80Đ0Đ06“.2s049020øœ0n820/00009096...,
151-ndcp.signed_datdai_processed.json,Số lẫn chữ (OCR),CAO,ẹ8n,[Cần xem ảnh gốc],...0.2000980828609082029609989699ẹ8ne2eøs0PS9..9904098900999009990...,
151-ndcp.signed_datdai_processed.json,Số lẫn chữ (OCR),CAO,e2e,[Cần xem ảnh gốc],...000980828609082029609989699ẹ8ne2eøs0PS9..9904098900999009990990...,
151-ndcp.signed_datdai_processed.json,Số lẫn chữ (OCR),CAO,s0P,[Cần xem ảnh gốc],...80828609082029609989699ẹ8ne2eøs0PS9..99040989009990099909900990...,
151-ndcp.signed_datdai_processed.json,Số lẫn chữ (OCR),CAO,e90008929248808926095859098069063209980968990S,[Cần xem ảnh gốc],...990909999006099000920999908980e90008929248808926095859098069063209980968990S4898ae« IV. CÁC BỀN TIỀN HÀNH ...,
151-ndcp.signed_datdai_processed.json,Số lẫn chữ (OCR),CAO,e0s,[Cần xem ảnh gốc],... Luật Đất đại;.99....K.9904°0ne0seâa02.4.ĐsxsKoọựĐẠạẠã0?$âvoộđ9...,
151-ndcp.signed_datdai_processed.json,Số lẫn chữ (OCR),CAO,S89ô,[Cần xem ảnh gốc],...ộđ9$90909489596099960999999999S89ô8804e40480060%2sÐ0.ô2$S3t&a6@2...,
151-ndcp.signed_datdai_processed.json,Số lẫn chữ (OCR),CAO,S3t,[Cần xem ảnh gốc],...9999S89ô8804e40480060%2sÐ0.ô2$S3t&a6@2409â8948602990900608a828«...,
151-ndcp.signed_datdai_processed.json,Số lẫn chữ (OCR),CAO,â8948602990900608a,[Cần xem ảnh gốc],...4e40480060%2sÐ0.ô2$S3t&a6@2409â8948602990900608a828«80498960en....Ó..o...........,
151-ndcp.signed_datdai_processed.json,Số lẫn chữ (OCR),CAO,e0a,[Cần xem ảnh gốc],......Ó..o...........assoeovnaosne0aooooonoveoe?o0GSveve?t0soevsve...,
151-ndcp.signed_datdai_processed.json,Số lẫn chữ (OCR),CAO,o0G,[Cần xem ảnh gốc],......assoeovnaosne0aooooonoveoe?o0GSveve?t0soevsveosoeovetoe0teo0...,
151-ndcp.signed_datdai_processed.json,Số lẫn chữ (OCR),CAO,t0s,[Cần xem ảnh gốc],...vnaosne0aooooonoveoe?o0GSveve?t0soevsveosoeovetoe0teo0o9owo0i09...,
151-ndcp.signed_datdai_processed.json,Số lẫn chữ (OCR),CAO,e0t,[Cần xem ảnh gốc],...oe?o0GSveve?t0soevsveosoeovetoe0teo0o9owo0i09aeS/vnoosOtoovov.n...,
151-ndcp.signed_datdai_processed.json,Số lẫn chữ (OCR),CAO,o0o,[Cần xem ảnh gốc],...0GSveve?t0soevsveosoeovetoe0teo0o9owo0i09aeS/vnoosOtoovov.naoGn...,
151-ndcp.signed_datdai_processed.json,Số lẫn chữ (OCR),CAO,o0i,[Cần xem ảnh gốc],...e?t0soevsveosoeovetoe0teo0o9owo0i09aeS/vnoosOtoovov.naoGngdsanp...,
151-ndcp.signed_datdai_processed.json,Số lẫn chữ (OCR),CAO,s9900560ù,[Cần xem ảnh gốc],... đấtU/gia hạn sử dụng đất 949ss9900560ùs0sxsewePnsobsdoveboossosoposn...,
151-ndcp.signed_datdai_processed.json,Số lẫn chữ (OCR),CAO,s0s,[Cần xem ảnh gốc],... hạn sử dụng đất 949ss9900560ùs0sxsewePnsobsdoveboossosoposnepa...,
151-ndcp.signed_datdai_processed.json,Số lẫn chữ (OCR),CAO,A9o,[Cần xem ảnh gốc],...sobsdoveboossosoposnepapeogeooA9o0009009900000900000099908KÉlơ0...,
151-ndcp.signed_datdai_processed.json,Số lẫn chữ (OCR),CAO,ơ0020008098ô,[Cần xem ảnh gốc],...9o0009009900000900000099908KÉlơ0020008098ô20.060000400602009009000406940...,
151-ndcp.signed_datdai_processed.json,Số lẫn chữ (OCR),CAO,e4s,[Cần xem ảnh gốc],"...9000406940092800200890900099%9e4s8086"",               ""diem"": [...",
151-ndcp.signed_datdai_processed.json,Số lẫn chữ (OCR),CAO,o99b,[Cần xem ảnh gốc],...eoøssnooserpmesoeoeomeneopeoaoo99boe0oooooeoG2ooeo0o0aeG00606090...,
151-ndcp.signed_datdai_processed.json,Số lẫn chữ (OCR),CAO,e0o,[Cần xem ảnh gốc],...nooserpmesoeoeomeneopeoaoo99boe0oooooeoG2ooeo0o0aeG006060900002...,
151-ndcp.signed_datdai_processed.json,Số lẫn chữ (OCR),CAO,G2o,[Cần xem ảnh gốc],...soeoeomeneopeoaoo99boe0oooooeoG2ooeo0o0aeG006060900002002020o09...,
151-ndcp.signed_datdai_processed.json,Số lẫn chữ (OCR),CAO,o0o,[Cần xem ảnh gốc],...omeneopeoaoo99boe0oooooeoG2ooeo0o0aeG006060900002002020o0909920...,
151-ndcp.signed_datdai_processed.json,Số lẫn chữ (OCR),CAO,G006060900002002020o,[Cần xem ảnh gốc],...peoaoo99boe0oooooeoG2ooeo0o0aeG006060900002002020o090992090.00999992009090099940...,
151-ndcp.signed_datdai_processed.json,Số lẫn chữ (OCR),CAO,b0e,[Cần xem ảnh gốc],...099940900800820098%029804094bòb0ek02920450090968689°0 ' Ghi rõ ...,
151-ndcp.signed_datdai_processed.json,Số lẫn chữ (OCR),CAO,H1E,[Cần xem ảnh gốc],...t.................... LinnERˆNH1E111-00100150010010000000001001...,
151-ndcp.signed_datdai_processed.json,Số lẫn chữ (OCR),CAO,u09029990809909996600099900090000902609999609998090060699092909029090099066068948e,[Cần xem ảnh gốc],...ực hiện 9.00999096096080890806u09029990809909996600099900090000902609999609998090060699092909029090099066068948e.7s 0ea8sÔ0b0e-essseonegeosaeo...,
151-ndcp.signed_datdai_processed.json,Số lẫn chữ (OCR),CAO,a8s,[Cần xem ảnh gốc],...92909029090099066068948e.7s 0ea8sÔ0b0e-essseonegeosaeosooeoeoeo...,
151-ndcp.signed_datdai_processed.json,Số lẫn chữ (OCR),CAO,Ô0b,[Cần xem ảnh gốc],...09029090099066068948e.7s 0ea8sÔ0b0e-essseonegeosaeosooeoeoeonpo...,
151-ndcp.signed_datdai_processed.json,Số lẫn chữ (OCR),CAO,o0Ô,[Cần xem ảnh gốc],...aeosooeoeoeonpooossooôeooo/tbto0ÔG0.8ooG0800ÔneoPo?eoo2Ôe000200...,
151-ndcp.signed_datdai_processed.json,Số lẫn chữ (OCR),CAO,G0800Ô,[Cần xem ảnh gốc],...oeonpooossooôeooo/tbto0ÔG0.8ooG0800ÔneoPo?eoo2Ôe000200909006000920...,
151-ndcp.signed_datdai_processed.json,Số lẫn chữ (OCR),CAO,o2Ô,[Cần xem ảnh gốc],...ooo/tbto0ÔG0.8ooG0800ÔneoPo?eoo2Ôe00020090900600092060020660se<...,
151-ndcp.signed_datdai_processed.json,Số lẫn chữ (OCR),CAO,e00020090900600092060020660s,[Cần xem ảnh gốc],.../tbto0ÔG0.8ooG0800ÔneoPo?eoo2Ôe00020090900600092060020660se<806 1...2... xác định giá đấ...,
151-ndcp.signed_datdai_processed.json,Số lẫn chữ (OCR),CAO,m9S,[Cần xem ảnh gốc],...ve: que khai thác Chỉ phí —ÔÂ-m9S7ZT-°Ðm-TUVÖÉÊÉĂẤÂEÉÖÐEðY:““.....,
151-ndcp.signed_datdai_processed.json,Số lẫn chữ (OCR),CAO,u0u,[Cần xem ảnh gốc],...ờng:........................20u0u2.0nenennennn nen nen nan nE E...,
151-ndcp.signed_datdai_processed.json,Số lẫn chữ (OCR),CAO,v2e,[Cần xem ảnh gốc],............................G... v2e2eeee 222222 2255252/55/ 5/55 ...,
151-ndcp.signed_datdai_processed.json,Số lẫn chữ (OCR),CAO,p1Ả,[Cần xem ảnh gốc],....Gnnnnnnnnnn nh nnnnnEENNEhEEEp1ẢTẢE10-000301056000000900100900...,
151-ndcp.signed_datdai_processed.json,Số lẫn chữ (OCR),CAO,E1E,[Cần xem ảnh gốc],........G HH nh HE nnÓnn1 0000--nE1E-1En0-nn0n1 1n: + Hạ tằng khôn...,
151-ndcp.signed_datdai_processed.json,Số lẫn chữ (OCR),CAO,n0n,[Cần xem ảnh gốc],...nh HE nnÓnn1 0000--nE1E-1En0-nn0n1 1n: + Hạ tằng không g1an::.....,
151-ndcp.signed_datdai_processed.json,Số lẫn chữ (OCR),CAO,g1a,[Cần xem ảnh gốc],...En0-nn0n1 1n: + Hạ tằng không g1an::..............................,
151-ndcp.signed_datdai_processed.json,Số lẫn chữ (OCR),CAO,Ả1N,[Cần xem ảnh gốc],...GnnH nnnnnnnnnnEEEE-ÖE- N1 ENEẢ1NN1116 1000010500 + Hạ tầng môi...,
151-ndcp.signed_datdai_processed.json,Số lẫn chữ (OCR),CAO,E0N,[Cần xem ảnh gốc],...nennneneneeneeesenneneEeõEesEeE0NE8000100970290090000/007091920...,
151-ndcp.signed_datdai_processed.json,Số lẫn chữ (OCR),CAO,u22e,[Cần xem ảnh gốc],...độ trồng: HN: Năm trồng: HN Luu22en2725) - Giá trị khai thác tín...,
151-ndcp.signed_datdai_processed.json,Số lẫn chữ (OCR),CAO,Đ4k,[Cần xem ảnh gốc],"...hô, đoạn mz —. _i. ”Ð. w—JẨ” 2Đ4k....... I..ạ\\ọẠỤỤ - Tên đường...",
151-ndcp.signed_datdai_processed.json,Số lẫn chữ (OCR),CAO,e989ơ,[Cần xem ảnh gốc],... hữu tài sản. 1 10 2..09190989e989ơ%..e...e.se.o NH ị Điều 3. Quy...,
151-ndcp.signed_datdai_processed.json,Số lẫn chữ (OCR),CAO,C2o,[Cần xem ảnh gốc],...oessoeoopasoobptoeosC.ss.eoPoýC2oboooOo0ÒOĐ60c00202606900696699...,
151-ndcp.signed_datdai_processed.json,Số lẫn chữ (OCR),CAO,o0Ò,[Cần xem ảnh gốc],...pasoobptoeosC.ss.eoPoýC2oboooOo0ÒOĐ60c00202606900696699.0620940...,
151-ndcp.signed_datdai_processed.json,Số lẫn chữ (OCR),CAO,Đ60c,[Cần xem ảnh gốc],...obptoeosC.ss.eoPoýC2oboooOo0ÒOĐ60c00202606900696699.062094020600...,
151-ndcp.signed_datdai_processed.json,Số lẫn chữ (OCR),CAO,Đ002o,[Cần xem ảnh gốc],...06900696699.0620940206009%9025Đ002o020a5808ó620008Ø09060a6298ô08Ø...,
151-ndcp.signed_datdai_processed.json,Số lẫn chữ (OCR),CAO,a5808ó,[Cần xem ảnh gốc],...699.0620940206009%9025Đ002o020a5808ó620008Ø09060a6298ô08Ø889đø9808...,
151-ndcp.signed_datdai_processed.json,Số lẫn chữ (OCR),CAO,a6298ô,[Cần xem ảnh gốc],"...9025Đ002o020a5808ó620008Ø09060a6298ô08Ø889đø98089ö5;"",            ...",
151-ndcp.signed_datdai_processed.json,Số lẫn chữ (OCR),CAO,E0E,[Cần xem ảnh gốc],...........nnnnnnnnhnnnhEnEÖEEEnẢE0EENEEỂENEEẤENEEEnEnnnnn ng - Đị...,
151-ndcp.signed_datdai_processed.json,Số lẫn chữ (OCR),CAO,s2e,[Cần xem ảnh gốc],.................................s2eeenenennnnnn E096 00 6606 0000...,
151-ndcp.signed_datdai_processed.json,Số lẫn chữ (OCR),CAO,c0o,[Cần xem ảnh gốc],...ỦY BAN NHÂN DÂN....a...Ú......c0o ọpn09900994909099060099090029...,
151-ndcp.signed_datdai_processed.json,Số lẫn chữ (OCR),CAO,s8S,[Cần xem ảnh gốc],...8089960904909608089Ø944000088As8SốePò99908099%84060809000008960...,
151-ndcp.signed_datdai_processed.json,Số lẫn chữ (OCR),CAO,N1H,[Cần xem ảnh gốc],"..............Gnnnnn nen nn vn REN1HNEENE1n10 000110015. ˆ"",      ...",
151-ndcp.signed_datdai_processed.json,Số lẫn chữ (OCR),CAO,E1n,[Cần xem ảnh gốc],".......Gnnnnn nen nn vn REN1HNEENE1n10 000110015. ˆ"",             ...",
151-ndcp.signed_datdai_processed.json,Số lẫn chữ (OCR),CAO,o0o,[Cần xem ảnh gốc],...9.9 7 0 8 6 pekEnssanpetotsooeo0oe09oPe0a0a00V080260e0900690800...,
151-ndcp.signed_datdai_processed.json,Số lẫn chữ (OCR),CAO,e09o,[Cần xem ảnh gốc],... 7 0 8 6 pekEnssanpetotsooeo0oe09oPe0a0a00V080260e09006908000090...,
151-ndcp.signed_datdai_processed.json,Số lẫn chữ (OCR),CAO,e0a,[Cần xem ảnh gốc],...8 6 pekEnssanpetotsooeo0oe09oPe0a0a00V080260e090069080000900002...,
151-ndcp.signed_datdai_processed.json,Số lẫn chữ (OCR),CAO,a00V,[Cần xem ảnh gốc],...pekEnssanpetotsooeo0oe09oPe0a0a00V080260e0900690800009000022099ô...,
151-ndcp.signed_datdai_processed.json,Số lẫn chữ (OCR),CAO,e0900690800009000022099ô,[Cần xem ảnh gốc],...etotsooeo0oe09oPe0a0a00V080260e0900690800009000022099ô6090989ô69òbôXó2426064đs6o8s82...,
151-ndcp.signed_datdai_processed.json,Số lẫn chữ (OCR),CAO,ô69ò,[Cần xem ảnh gốc],...0900690800009000022099ô6090989ô69òbôXó2426064đs6o8s82838309$282S...,
151-ndcp.signed_datdai_processed.json,Số lẫn chữ (OCR),CAO,ó2426064đ,[Cần xem ảnh gốc],...800009000022099ô6090989ô69òbôXó2426064đs6o8s82838309$282S8$.60 b) Thô...,
151-ndcp.signed_datdai_processed.json,Số lẫn chữ (OCR),CAO,s6o,[Cần xem ảnh gốc],...022099ô6090989ô69òbôXó2426064đs6o8s82838309$282S8$.60 b) Thông ...,
151-ndcp.signed_datdai_processed.json,Số lẫn chữ (OCR),CAO,n2e,[Cần xem ảnh gốc],...sử hi đất để thực hiện dự án. n2eeese7:93 d) Thông tin về đăng ...,
151-ndcp.signed_datdai_processed.json,Ký tự lạ,THẤP,©,[Xóa hoặc thay thế],"...do - Hạnh phúc Lưới ©»..., Hgày... tháng...",
151-ndcp.signed_datdai_processed.json,Ký tự lạ,THẤP,⁄,[Xóa hoặc thay thế],...uân nhất hành xuất 6⁄2 (⁄©) 5 öäã 0). l”...,
151-ndcp.signed_datdai_processed.json,Ký tự lạ,THẤP,§,[Xóa hoặc thay thế],...tài chính (:ếu có). §....... chỉnh lý hồ...,
151-ndcp.signed_datdai_processed.json,Ký tự lạ,THẤP,»,[Xóa hoặc thay thế],... điểm b Khoản: % “ở » Điều 219 Luật Đất ...,
151-ndcp.signed_datdai_processed.json,Ký tự lạ,THẤP,›,[Xóa hoặc thay thế],...ưtiền thuê đất theo › quy định của pháp ...,
151-ndcp.signed_datdai_processed.json,Ký tự lạ,THẤP,‹,[Xóa hoặc thay thế],"...t tính tiền sử dụng ‹ đất, tiền thuê đất...",
151-ndcp.signed_datdai_processed.json,Ký tự lạ,THẤP,«,[Xóa hoặc thay thế],...ÔoO000002968029v.vue«snvwesesusaeansease...,
151-ndcp.signed_datdai_processed.json,Ký tự lạ,THẤP,¿,[Xóa hoặc thay thế],"... Đất đai, sơ đồ nhà ¿ ở, công trình xây ...",
151-ndcp.signed_datdai_processed.json,Ký tự lạ,THẤP,®,[Xóa hoặc thay thế],... S80ẠIP 08050 9G@O G®9o BGÓP G090 ctcứOo...,
VanBanGoc_142-2025-nd-cp-kem1-trang-1_processed.json,Ký tự lạ,THẤP,©,[Xóa hoặc thay thế],...hồ sơ không hợp lệ; ©) Trong thời hạn 20...,
VanBanGoc_142-2025-nd-cp-kem1-trang-1_processed.json,Có thể sai chính tả,TRUNG BÌNH,điêm,điểm,...mô dự kiên tại thời điêm đê nghị thành lập t...,
VanBanGoc_142-2025-nd-cp-kem1-trang-3__processed.json,Ký tự lạ,THẤP,©,[Xóa hoặc thay thế],...theo Nghị định này; ©) Bản sao quyết địn...,
VanBanGoc_142-2025-nd-cp_processed.json,Ký tự lạ,THẤP,®,[Xóa hoặc thay thế],"...định của pháp luật; ®) Chỉ đạo, hướng dẫ...",
